#L	H	K	Y	I	error	LB	dL
0.37	0.0	0.0	0.0	1.99436	0.12397	2.0	2.0
0.49	0.0	0.0	0.0	1.18995	0.05936	2.0	2.0
0.61	0.0	0.0	0.0	0.31183	0.01173	2.0	2.0
0.73	0.0	0.0	0.0	0.1414	0.00358	2.0	2.0
0.85	0.0	0.0	0.0	0.07323	0.00096	2.0	2.0
1.09	0.0	0.0	0.0	0.1423	0.00382	2.0	2.0
1.21	0.0	0.0	0.0	0.21862	0.00798	2.0	2.0
1.33	0.0	0.0	0.0	0.30766	0.0142	2.0	2.0
1.45	0.0	0.0	0.0	0.40428	0.02256	2.0	2.0
1.57	0.0	0.0	0.0	0.51679	0.03382	2.0	2.0
1.69	0.0	0.0	0.0	0.70121	0.05265	2.0	2.0
1.73	0.0	0.0	0.0	0.80037	0.06267	2.0	2.0
1.77	0.0	0.0	0.0	0.93051	0.07585	2.0	2.0
1.81	0.0	0.0	0.0	1.07278	0.0909	2.0	2.0
1.85	0.0	0.0	0.0	1.36753	0.12027	2.0	2.0
1.89	0.0	0.0	0.0	1.87151	0.17061	2.0	2.0
2.09	0.0	0.0	0.0	0.81892	0.07526	2.0	2.0
2.13	0.0	0.0	0.0	0.27207	0.02402	2.0	2.0
2.17	0.0	0.0	0.0	0.15696	0.01329	2.0	2.0
2.21	0.0	0.0	0.0	0.0956	0.00775	2.0	2.0
2.25	0.0	0.0	0.0	0.07269	0.00563	2.0	2.0
2.29	0.0	0.0	0.0	0.06441	0.00476	2.0	2.0
2.41	0.0	0.0	0.0	0.06569	0.00414	2.0	2.0
2.53	0.0	0.0	0.0	0.07815	0.00409	2.0	2.0
2.65	0.0	0.0	0.0	0.07873	0.00327	2.0	2.0
2.77	0.0	0.0	0.0	0.08024	0.00246	2.0	2.0
2.89	0.0	0.0	0.0	0.08169	0.00163	2.0	2.0
3.13	0.0	0.0	0.0	0.09234	0.002	2.0	2.0
3.25	0.0	0.0	0.0	0.10676	0.00347	2.0	2.0
3.37	0.0	0.0	0.0	0.12219	0.00529	2.0	2.0
3.49	0.0	0.0	0.0	0.15199	0.00822	2.0	2.0
3.61	0.0	0.0	0.0	0.20581	0.01336	2.0	2.0
3.73	0.0	0.0	0.0	0.33268	0.02518	2.0	2.0
3.77	0.0	0.0	0.0	0.42257	0.03351	2.0	2.0
3.81	0.0	0.0	0.0	0.59513	0.04934	2.0	2.0
3.85	0.0	0.0	0.0	0.85257	0.07375	2.0	2.0
3.89	0.0	0.0	0.0	1.30108	0.11723	2.0	2.0
3.93	0.0	0.0	0.0	3.11982	0.29233	2.0	2.0
4.05	0.0	0.0	0.0	7.40575	0.70725	2.0	2.0
4.09	0.0	0.0	0.0	2.16034	0.19854	2.0	2.0
4.13	0.0	0.0	0.0	0.96955	0.08561	2.0	2.0
4.17	0.0	0.0	0.0	0.51051	0.04324	2.0	2.0
4.21	0.0	0.0	0.0	0.30633	0.02484	2.0	2.0
4.25	0.0	0.0	0.0	0.2006	0.01555	2.0	2.0
4.29	0.0	0.0	0.0	0.13606	0.01005	2.0	2.0
4.33	0.0	0.0	0.0	0.09053	0.00636	2.0	2.0
4.45	0.0	0.0	0.0	0.03132	0.00186	2.0	2.0
4.57	0.0	0.0	0.0	0.00996	0.00048	2.0	2.0
4.69	0.0	0.0	0.0	0.00608	0.00023	2.0	2.0
4.81	0.0	0.0	0.0	0.00163	4e-05	2.0	2.0
4.93	0.0	0.0	0.0	0.00378	6e-05	2.0	2.0
5.05	0.0	0.0	0.0	0.01093	0.00016	2.0	2.0
5.17	0.0	0.0	0.0	0.01584	0.0004	2.0	2.0
5.29	0.0	0.0	0.0	0.04243	0.00153	2.0	2.0
5.41	0.0	0.0	0.0	0.09327	0.00437	2.0	2.0
5.53	0.0	0.0	0.0	0.19466	0.01123	2.0	2.0
5.65	0.0	0.0	0.0	0.42802	0.02932	2.0	2.0
5.73	0.0	0.0	0.0	0.80402	0.06086	2.0	2.0
5.77	0.0	0.0	0.0	1.18346	0.09385	2.0	2.0
5.81	0.0	0.0	0.0	1.79858	0.1491	2.0	2.0
5.85	0.0	0.0	0.0	3.06218	0.26488	2.0	2.0
5.89	0.0	0.0	0.0	5.38617	0.48529	2.0	2.0
5.93	0.0	0.0	0.0	12.47325	1.16874	2.0	2.0
6.05	0.0	0.0	0.0	53.60131	5.11893	2.0	2.0
6.09	0.0	0.0	0.0	16.63972	1.52919	2.0	2.0
6.13	0.0	0.0	0.0	8.01931	0.70811	2.0	2.0
6.17	0.0	0.0	0.0	4.82447	0.40863	2.0	2.0
6.21	0.0	0.0	0.0	3.31775	0.26907	2.0	2.0
6.25	0.0	0.0	0.0	2.42645	0.18805	2.0	2.0
6.29	0.0	0.0	0.0	1.7883	0.13216	2.0	2.0
6.37	0.0	0.0	0.0	1.13891	0.07597	2.0	2.0
6.49	0.0	0.0	0.0	0.73233	0.04094	2.0	2.0
6.61	0.0	0.0	0.0	0.49933	0.02252	2.0	2.0
6.73	0.0	0.0	0.0	0.38852	0.01333	2.0	2.0
6.85	0.0	0.0	0.0	0.33017	0.00776	2.0	2.0
6.97	0.0	0.0	0.0	0.2664	0.00338	2.0	2.0
7.09	0.0	0.0	0.0	0.25396	0.0046	2.0	2.0
7.21	0.0	0.0	0.0	0.2662	0.00769	2.0	2.0
7.33	0.0	0.0	0.0	0.28296	0.01123	2.0	2.0
7.45	0.0	0.0	0.0	0.31921	0.01612	2.0	2.0
7.57	0.0	0.0	0.0	0.39538	0.02424	2.0	2.0
7.69	0.0	0.0	0.0	0.60888	0.0439	2.0	2.0
7.73	0.0	0.0	0.0	0.6849	0.05185	2.0	2.0
7.77	0.0	0.0	0.0	0.90084	0.07144	2.0	2.0
7.81	0.0	0.0	0.0	1.13338	0.09396	2.0	2.0
7.85	0.0	0.0	0.0	1.64744	0.1425	2.0	2.0
7.89	0.0	0.0	0.0	2.4817	0.2236	2.0	2.0
7.93	0.0	0.0	0.0	4.76887	0.44684	2.0	2.0
8.09	0.0	0.0	0.0	1.03061	0.08219	2.0	2.0
8.13	0.0	0.0	0.0	0.26187	0.01853	2.0	2.0
8.17	0.0	0.0	0.0	0.06946	0.00429	2.0	2.0
8.21	0.0	0.0	0.0	0.02201	0.00116	2.0	2.0
8.41	0.0	0.0	0.0	0.01572	0.00017	2.0	2.0
8.53	0.0	0.0	0.0	0.04259	0.00074	2.0	2.0
8.65	0.0	0.0	0.0	0.08493	0.00204	2.0	2.0
8.77	0.0	0.0	0.0	0.12815	0.00395	2.0	2.0
8.89	0.0	0.0	0.0	0.20368	0.00765	2.0	2.0
9.13	0.0	0.0	0.0	0.32677	0.01669	2.0	2.0
9.25	0.0	0.0	0.0	0.45137	0.02609	2.0	2.0
9.37	0.0	0.0	0.0	0.59862	0.03865	2.0	2.0
9.49	0.0	0.0	0.0	0.84388	0.06018	2.0	2.0
9.61	0.0	0.0	0.0	1.39538	0.10893	2.0	2.0
9.73	0.0	0.0	0.0	2.52006	0.21373	2.0	2.0
9.77	0.0	0.0	0.0	3.46384	0.30157	2.0	2.0
9.81	0.0	0.0	0.0	5.61338	0.50135	2.0	2.0
9.85	0.0	0.0	0.0	8.40554	0.76963	2.0	2.0
9.89	0.0	0.0	0.0	15.12799	1.4192	2.0	2.0
9.93	0.0	0.0	0.0	34.57746	3.3216	2.0	2.0
10.09	0.0	0.0	0.0	24.16443	2.29411	2.0	2.0
10.13	0.0	0.0	0.0	11.4527	1.06152	2.0	2.0
10.17	0.0	0.0	0.0	6.45425	0.58371	2.0	2.0
10.21	0.0	0.0	0.0	3.6561	0.32242	2.0	2.0
10.25	0.0	0.0	0.0	2.55434	0.21951	2.0	2.0
10.29	0.0	0.0	0.0	1.85573	0.1553	2.0	2.0
10.33	0.0	0.0	0.0	1.45628	0.1186	2.0	2.0
10.45	0.0	0.0	0.0	0.75152	0.05613	2.0	2.0
10.57	0.0	0.0	0.0	0.50819	0.03453	2.0	2.0
10.69	0.0	0.0	0.0	0.32195	0.0197	2.0	2.0
10.81	0.0	0.0	0.0	0.25457	0.01386	2.0	2.0
10.93	0.0	0.0	0.0	0.13295	0.00634	2.0	2.0
11.05	0.0	0.0	0.0	0.10005	0.0041	2.0	2.0
11.17	0.0	0.0	0.0	0.08593	0.00294	2.0	2.0
11.29	0.0	0.0	0.0	0.07759	0.00213	2.0	2.0
11.41	0.0	0.0	0.0	0.05344	0.00111	2.0	2.0
11.53	0.0	0.0	0.0	0.04629	0.00065	2.0	2.0
11.65	0.0	0.0	0.0	0.04846	0.00103	2.0	2.0
11.73	0.0	0.0	0.0	0.05902	0.00232	2.0	2.0
11.77	0.0	0.0	0.0	0.05179	0.0025	2.0	2.0
11.81	0.0	0.0	0.0	0.08784	0.00503	2.0	2.0
11.85	0.0	0.0	0.0	0.10591	0.00702	2.0	2.0
11.89	0.0	0.0	0.0	0.37059	0.02789	2.0	2.0
11.93	0.0	0.0	0.0	0.84508	0.0712	2.0	2.0
12.09	0.0	0.0	0.0	0.91342	0.08394	2.0	2.0
12.13	0.0	0.0	0.0	0.257	0.02269	2.0	2.0
12.17	0.0	0.0	0.0	0.20432	0.01731	2.0	2.0
12.21	0.0	0.0	0.0	0.12693	0.01029	2.0	2.0
12.25	0.0	0.0	0.0	0.11805	0.00915	2.0	2.0
12.29	0.0	0.0	0.0	0.11647	0.00861	2.0	2.0
12.37	0.0	0.0	0.0	0.10438	0.00696	2.0	2.0
12.49	0.0	0.0	0.0	0.07344	0.00411	2.0	2.0
12.61	0.0	0.0	0.0	0.10435	0.00471	2.0	2.0
12.73	0.0	0.0	0.0	0.09804	0.00336	2.0	2.0
12.85	0.0	0.0	0.0	0.09033	0.00212	2.0	2.0
13.09	0.0	0.0	0.0	0.09252	0.00167	2.0	2.0
13.21	0.0	0.0	0.0	0.08537	0.00247	2.0	2.0
13.33	0.0	0.0	0.0	0.10954	0.00435	2.0	2.0
13.45	0.0	0.0	0.0	0.14249	0.0072	2.0	2.0
13.57	0.0	0.0	0.0	0.1906	0.01168	2.0	2.0
13.69	0.0	0.0	0.0	0.26079	0.0188	2.0	2.0
13.73	0.0	0.0	0.0	0.37787	0.0286	2.0	2.0
13.77	0.0	0.0	0.0	0.43164	0.03423	2.0	2.0
13.81	0.0	0.0	0.0	0.50974	0.04226	2.0	2.0
13.85	0.0	0.0	0.0	1.33985	0.1159	2.0	2.0
13.89	0.0	0.0	0.0	2.15937	0.19456	2.0	2.0
13.93	0.0	0.0	0.0	6.15086	0.57634	2.0	2.0
14.05	0.0	0.0	0.0	18.70266	1.7861	2.0	2.0
14.09	0.0	0.0	0.0	4.24091	0.38974	2.0	2.0
14.13	0.0	0.0	0.0	1.41699	0.12512	2.0	2.0
14.17	0.0	0.0	0.0	0.6716	0.05688	2.0	2.0
14.21	0.0	0.0	0.0	0.71481	0.05797	2.0	2.0
14.25	0.0	0.0	0.0	0.53408	0.04139	2.0	2.0
14.29	0.0	0.0	0.0	0.27396	0.02025	2.0	2.0
14.41	0.0	0.0	0.0	0.17084	0.01078	2.0	2.0
14.53	0.0	0.0	0.0	0.10921	0.00571	2.0	2.0
14.65	0.0	0.0	0.0	0.07577	0.00314	2.0	2.0
14.77	0.0	0.0	0.0	0.06179	0.0019	2.0	2.0
14.89	0.0	0.0	0.0	0.04323	0.00086	2.0	2.0
15.13	0.0	0.0	0.0	0.05384	0.00117	2.0	2.0
15.25	0.0	0.0	0.0	0.05679	0.00185	2.0	2.0
15.37	0.0	0.0	0.0	0.12242	0.0053	2.0	2.0
15.49	0.0	0.0	0.0	0.15858	0.00858	2.0	2.0
15.61	0.0	0.0	0.0	0.27708	0.01798	2.0	2.0
15.73	0.0	0.0	0.0	0.80115	0.06065	2.0	2.0
15.77	0.0	0.0	0.0	1.03482	0.08206	2.0	2.0
15.81	0.0	0.0	0.0	1.80452	0.14959	2.0	2.0
15.85	0.0	0.0	0.0	3.0966	0.26786	2.0	2.0
15.89	0.0	0.0	0.0	5.62149	0.5065	2.0	2.0
15.93	0.0	0.0	0.0	13.27607	1.24397	2.0	2.0
16.05	0.0	0.0	0.0	43.37435	4.14225	2.0	2.0
16.09	0.0	0.0	0.0	7.49103	0.68843	2.0	2.0
16.13	0.0	0.0	0.0	2.93159	0.25886	2.0	2.0
16.17	0.0	0.0	0.0	1.42647	0.12082	2.0	2.0
16.21	0.0	0.0	0.0	0.8812	0.07146	2.0	2.0
16.25	0.0	0.0	0.0	0.68317	0.05295	2.0	2.0
16.29	0.0	0.0	0.0	0.5958	0.04403	2.0	2.0
16.33	0.0	0.0	0.0	0.30134	0.02118	2.0	2.0
16.45	0.0	0.0	0.0	0.16824	0.01001	2.0	2.0
16.57	0.0	0.0	0.0	0.12279	0.00598	2.0	2.0
16.69	0.0	0.0	0.0	0.09252	0.00351	2.0	2.0
17935.300000000003	0.0	0.0	0.41	198.03420171696993	0.07663169105339884	2.0	2.0
17954.3	0.0	0.0	0.41	202.91094599940658	0.07416167787558105	2.0	2.0
17967.300000000003	0.0	0.0	0.41	203.9177652016857	0.07334491029500301	2.0	2.0
17977.3	0.0	0.0	0.41	205.67050777545987	0.07305624881471648	2.0	2.0
17985.3	0.0	0.0	0.41	205.9683609188244	0.07347780785168508	2.0	2.0
17993.2	0.0	0.0	0.41	204.85813337370374	0.07522291272424494	2.0	2.0
17997.3	0.0	0.0	0.41	206.66392933364952	0.0732331918425421	2.0	2.0
17997.9	0.0	0.0	0.41	206.4296475417571	0.07300389261111635	2.0	2.0
17999.1	0.0	0.0	0.41	206.813238483965	0.07265775393586006	2.0	2.0
18000.0	0.0	0.0	0.41	206.8436267000882	0.07247788608828855	2.0	2.0
18001.100000000002	0.0	0.0	0.41	206.04882001772305	0.07253179888997714	2.0	2.0
18001.899999999998	0.0	0.0	0.41	206.17347402070928	0.07229079431999814	2.0	2.0
18003.1	0.0	0.0	0.41	205.28939149919475	0.07242265247531686	2.0	2.0
18004.100000000002	0.0	0.0	0.41	205.17226623301195	0.07226117551399698	2.0	2.0
18005.0	0.0	0.0	0.41	204.45522305347743	0.07193487346448693	2.0	2.0
18006.1	0.0	0.0	0.41	202.78239464356045	0.07179248662048514	2.0	2.0
18007.0	0.0	0.0	0.41	201.49204684859848	0.07157265699141263	2.0	2.0
18008.199999999997	0.0	0.0	0.41	199.79766432170135	0.07142109540061758	2.0	2.0
18009.0	0.0	0.0	0.41	198.1824917083197	0.07137795814453216	2.0	2.0
18010.0	0.0	0.0	0.41	196.92680520083584	0.07100191548641746	2.0	2.0
18011.1	0.0	0.0	0.41	196.17142327564238	0.0707993026111536	2.0	2.0
18012.0	0.0	0.0	0.41	195.20982265299955	0.07076581828324385	2.0	2.0
18013.100000000002	0.0	0.0	0.41	194.34557600672707	0.07082074651966738	2.0	2.0
18014.0	0.0	0.0	0.41	194.55060957272073	0.07051371365119023	2.0	2.0
18015.1	0.0	0.0	0.41	194.72744092111984	0.07065371419285946	2.0	2.0
18016.2	0.0	0.0	0.41	194.4910141954733	0.07078536863942565	2.0	2.0
18017.1	0.0	0.0	0.41	194.5466729059429	0.07090969817501169	2.0	2.0
18018.0	0.0	0.0	0.41	194.8332554048424	0.07058771353178094	2.0	2.0
18019.0	0.0	0.0	0.41	194.8407105795854	0.07075109937411293	2.0	2.0
18021.2	0.0	0.0	0.41	194.88628757832484	0.07105372321700969	2.0	2.0
18023.2	0.0	0.0	0.41	195.24063937658437	0.07114026147779551	2.0	2.0
18027.2	0.0	0.0	0.41	196.66247346691236	0.07114505843110727	2.0	2.0
18031.199999999997	0.0	0.0	0.41	197.1882829788721	0.07115968226606723	2.0	2.0
18039.2	0.0	0.0	0.41	197.82544172112006	0.07174636833290085	2.0	2.0
18047.2	0.0	0.0	0.41	197.85246275030843	0.07195152557653982	2.0	2.0
18057.2	0.0	0.0	0.41	197.35811971931835	0.07208124492815886	2.0	2.0
18070.2	0.0	0.0	0.41	195.44746007659512	0.07212579907026039	2.0	2.0
18092.300000000003	0.0	0.0	0.41	195.5412782328121	0.07321973938942665	2.0	2.0
18117.2	0.0	0.0	0.41	197.62592490267488	0.07405587090292604	2.0	2.0
17935.199999999997	0.0	0.0	0.53	48.67084476748498	0.02970448268189572	2.0	2.0
17954.2	0.0	0.0	0.53	50.41575525215134	0.027142445074756022	2.0	2.0
17967.199999999997	0.0	0.0	0.53	50.960769902743	0.0268524745209947	2.0	2.0
17977.2	0.0	0.0	0.53	51.19365887417452	0.02699601890842551	2.0	2.0
17985.2	0.0	0.0	0.53	51.584680667265914	0.027020803614162477	2.0	2.0
17993.2	0.0	0.0	0.53	51.87843991335468	0.027189325908834053	2.0	2.0
17997.2	0.0	0.0	0.53	51.87069064495343	0.02712273094722043	2.0	2.0
17998.100000000002	0.0	0.0	0.53	51.966390507617774	0.027141764375482692	2.0	2.0
17999.0	0.0	0.0	0.53	51.83703035063245	0.02712406128741076	2.0	2.0
17999.9	0.0	0.0	0.53	51.773180562900286	0.027138753158234913	2.0	2.0
18001.0	0.0	0.0	0.53	51.72627762875851	0.02709175500450962	2.0	2.0
18002.0	0.0	0.0	0.53	51.6320635662538	0.027027559009114282	2.0	2.0
18003.0	0.0	0.0	0.53	51.31862191723072	0.027013331147387406	2.0	2.0
18004.0	0.0	0.0	0.53	51.023648927028525	0.027023241633412205	2.0	2.0
18004.899999999998	0.0	0.0	0.53	50.90591692515801	0.026877941553746766	2.0	2.0
18006.0	0.0	0.0	0.53	50.38817751867201	0.026829694926365572	2.0	2.0
18007.0	0.0	0.0	0.53	49.72507658540593	0.02673487364875175	2.0	2.0
18008.1	0.0	0.0	0.53	49.074255545068425	0.02667958470976876	2.0	2.0
18009.0	0.0	0.0	0.53	48.46952592996127	0.02662984639799145	2.0	2.0
18010.100000000002	0.0	0.0	0.53	48.12874022202445	0.02640203522413228	2.0	2.0
18011.0	0.0	0.0	0.53	47.64825471421019	0.02634662750396522	2.0	2.0
18012.1	0.0	0.0	0.53	47.14553771427224	0.026298896512697175	2.0	2.0
18013.0	0.0	0.0	0.53	46.95966412430717	0.026318595148988582	2.0	2.0
18014.0	0.0	0.0	0.53	46.91822423266389	0.0263267217696097	2.0	2.0
18015.0	0.0	0.0	0.53	46.8580054465208	0.02620061038595173	2.0	2.0
18016.100000000002	0.0	0.0	0.53	46.777143836101985	0.026259007774285782	2.0	2.0
18017.0	0.0	0.0	0.53	46.79400109092634	0.026312679647109045	2.0	2.0
18018.0	0.0	0.0	0.53	46.845023814307496	0.02627604741588172	2.0	2.0
18019.0	0.0	0.0	0.53	46.889113698244294	0.026201924701905927	2.0	2.0
18021.2	0.0	0.0	0.53	46.97150637557051	0.026248114383851693	2.0	2.0
18023.2	0.0	0.0	0.53	47.0756167642106	0.0262744167971832	2.0	2.0
18027.2	0.0	0.0	0.53	47.41593597280261	0.02637356871355384	2.0	2.0
18031.199999999997	0.0	0.0	0.53	47.51677615919261	0.026518682757307437	2.0	2.0
18039.3	0.0	0.0	0.53	47.94801001550018	0.026620832240372	2.0	2.0
18047.2	0.0	0.0	0.53	48.147200623950084	0.02676059515238781	2.0	2.0
18057.2	0.0	0.0	0.53	48.015654113161396	0.026711663849022217	2.0	2.0
18070.2	0.0	0.0	0.53	47.36381984022749	0.026666353788873758	2.0	2.0
18092.199999999997	0.0	0.0	0.53	47.713652004427544	0.0267358823812503	2.0	2.0
18117.3	0.0	0.0	0.53	47.582595042344074	0.02705587068059591	2.0	2.0
17935.300000000003	0.0	0.0	0.61	22.258674939579848	0.019158713283138132	2.0	2.0
17954.3	0.0	0.0	0.61	22.56174283916377	0.019272523131423778	2.0	2.0
17967.199999999997	0.0	0.0	0.61	22.785892232004745	0.019317313127318828	2.0	2.0
17977.2	0.0	0.0	0.61	22.88619236143456	0.019363358174196554	2.0	2.0
17985.2	0.0	0.0	0.61	23.184935016099086	0.01951520717290653	2.0	2.0
17993.2	0.0	0.0	0.61	23.381502585206288	0.019562218470448922	2.0	2.0
17997.3	0.0	0.0	0.61	23.337258298609484	0.01955996652465003	2.0	2.0
17998.100000000002	0.0	0.0	0.61	23.40955637816558	0.01960428697338269	2.0	2.0
17998.899999999998	0.0	0.0	0.61	23.426499304294506	0.019653885338301536	2.0	2.0
18000.0	0.0	0.0	0.61	23.408014069328154	0.019676994043036983	2.0	2.0
18001.0	0.0	0.0	0.61	23.397440503966404	0.019535330144657023	2.0	2.0
18002.0	0.0	0.0	0.61	23.473267175751605	0.0196023718196854	2.0	2.0
18003.0	0.0	0.0	0.61	23.350871453285162	0.01962856907488261	2.0	2.0
18004.0	0.0	0.0	0.61	23.22845314308663	0.01963136708322506	2.0	2.0
18005.0	0.0	0.0	0.61	23.094043126684635	0.019533061057072542	2.0	2.0
18006.1	0.0	0.0	0.61	22.835754426391404	0.01949786498624468	2.0	2.0
18007.0	0.0	0.0	0.61	22.56232429689252	0.01948342401246297	2.0	2.0
18008.1	0.0	0.0	0.61	22.236076234246188	0.019449427887804415	2.0	2.0
18009.0	0.0	0.0	0.61	21.962471605955393	0.01931406932266227	2.0	2.0
18010.0	0.0	0.0	0.61	21.647686674543476	0.019211789478609784	2.0	2.0
18011.0	0.0	0.0	0.61	21.443513351581867	0.01920653657734284	2.0	2.0
18012.0	0.0	0.0	0.61	21.195848040893903	0.01918395055898568	2.0	2.0
18013.0	0.0	0.0	0.61	21.009290319538902	0.019135706792706358	2.0	2.0
18014.0	0.0	0.0	0.61	20.886685448454646	0.01914182696291386	2.0	2.0
18015.0	0.0	0.0	0.61	20.8407987378435	0.0190905667930393	2.0	2.0
18016.100000000002	0.0	0.0	0.61	20.780177122117948	0.019064478088772478	2.0	2.0
18017.0	0.0	0.0	0.61	20.79494652595793	0.019098010954505747	2.0	2.0
18018.0	0.0	0.0	0.61	20.821246795176144	0.01914861955179945	2.0	2.0
18019.0	0.0	0.0	0.61	20.899278843316612	0.019120147536146357	2.0	2.0
18021.2	0.0	0.0	0.61	20.924044903988182	0.01913213943870015	2.0	2.0
18023.2	0.0	0.0	0.61	20.91991500202376	0.0191947239351444	2.0	2.0
18027.2	0.0	0.0	0.61	21.113192806079503	0.01920403679948784	2.0	2.0
18031.300000000003	0.0	0.0	0.61	21.249704904848077	0.01922292753314646	2.0	2.0
18039.3	0.0	0.0	0.61	21.472300278611485	0.01936964689282426	2.0	2.0
18047.2	0.0	0.0	0.61	21.57424843537087	0.019486453145537642	2.0	2.0
18057.2	0.0	0.0	0.61	21.41774348731564	0.019546930299967118	2.0	2.0
18070.2	0.0	0.0	0.61	21.10628909470009	0.019456500024244774	2.0	2.0
18092.300000000003	0.0	0.0	0.61	21.15589882097578	0.019620520694588327	2.0	2.0
18117.3	0.0	0.0	0.61	21.243135169626715	0.020416667552908645	2.0	2.0
17935.300000000003	0.0	0.0	0.75	4.44654911306512	0.008321297589838109	2.0	2.0
17954.2	0.0	0.0	0.75	4.533012883471026	0.008315143335836848	2.0	2.0
17967.199999999997	0.0	0.0	0.75	4.62059138978907	0.008363058320166991	2.0	2.0
17977.3	0.0	0.0	0.75	4.742634313419193	0.008460390182941646	2.0	2.0
17985.2	0.0	0.0	0.75	4.8504475800333795	0.00858772580325152	2.0	2.0
17993.2	0.0	0.0	0.75	5.0121659822477636	0.008665441188445923	2.0	2.0
17997.3	0.0	0.0	0.75	5.068118515423717	0.008700439616554093	2.0	2.0
17998.0	0.0	0.0	0.75	5.083716702789625	0.008722059358176605	2.0	2.0
17999.0	0.0	0.0	0.75	5.114421716197093	0.008770652140860554	2.0	2.0
18000.0	0.0	0.0	0.75	5.1330362655669335	0.008761590885261943	2.0	2.0
18000.9	0.0	0.0	0.75	5.180138020772824	0.008778869577340429	2.0	2.0
18002.0	0.0	0.0	0.75	5.186952718620979	0.008815914837535863	2.0	2.0
18003.0	0.0	0.0	0.75	5.2000538856219105	0.008846266663542861	2.0	2.0
18004.0	0.0	0.0	0.75	5.207066801429109	0.008886786150808575	2.0	2.0
18005.0	0.0	0.0	0.75	5.179522331135685	0.008829406402251137	2.0	2.0
18006.0	0.0	0.0	0.75	5.128249775192984	0.008834448376134252	2.0	2.0
18007.0	0.0	0.0	0.75	5.058636992890494	0.008814107323024942	2.0	2.0
18008.0	0.0	0.0	0.75	4.980761570282024	0.008799584683739732	2.0	2.0
18009.0	0.0	0.0	0.75	4.860040790163743	0.00869772460812307	2.0	2.0
18009.899999999998	0.0	0.0	0.75	4.745802776705616	0.00864267506462215	2.0	2.0
18011.1	0.0	0.0	0.75	4.646453863227989	0.008598008079953964	2.0	2.0
18012.0	0.0	0.0	0.75	4.532431347547874	0.008557190385114873	2.0	2.0
18013.0	0.0	0.0	0.75	4.432206700603765	0.00851731762756008	2.0	2.0
18014.0	0.0	0.0	0.75	4.345272319970131	0.008403461053810613	2.0	2.0
18015.1	0.0	0.0	0.75	4.277463453458023	0.008378381418321843	2.0	2.0
18016.100000000002	0.0	0.0	0.75	4.244879807129649	0.008339191536174894	2.0	2.0
18017.0	0.0	0.0	0.75	4.218434094325441	0.008340207863585119	2.0	2.0
18018.0	0.0	0.0	0.75	4.209350384471118	0.008312630696736684	2.0	2.0
18019.100000000002	0.0	0.0	0.75	4.185801133557536	0.008309976834975658	2.0	2.0
18021.2	0.0	0.0	0.75	4.148666083406241	0.008259422338874308	2.0	2.0
18023.2	0.0	0.0	0.75	4.140765680919194	0.008276999434921831	2.0	2.0
18027.2	0.0	0.0	0.75	4.126483542505328	0.00828779587970637	2.0	2.0
18031.199999999997	0.0	0.0	0.75	4.143057166625658	0.00823624474205303	2.0	2.0
18039.2	0.0	0.0	0.75	4.189202911414877	0.008301655127522338	2.0	2.0
18047.2	0.0	0.0	0.75	4.2364300749745745	0.008332870320001892	2.0	2.0
18057.2	0.0	0.0	0.75	4.233620291896355	0.008435633696787199	2.0	2.0
18070.2	0.0	0.0	0.75	4.1185465319346255	0.008354754242493587	2.0	2.0
18092.300000000003	0.0	0.0	0.75	4.070725073710813	0.008310435886635778	2.0	2.0
18117.2	0.0	0.0	0.75	4.077247149956153	0.008374136339277014	2.0	2.0
17935.199999999997	0.0	0.0	0.88	1.688141468556037	0.005434083499238787	2.0	2.0
17954.3	0.0	0.0	0.88	1.7244595083363476	0.005462573358690453	2.0	2.0
17967.300000000003	0.0	0.0	0.88	1.7692433767662932	0.005521516407356677	2.0	2.0
17977.2	0.0	0.0	0.88	1.7835412327210756	0.005575735419428139	2.0	2.0
17993.2	0.0	0.0	0.88	1.961374069405133	0.005750350117736603	2.0	2.0
17997.2	0.0	0.0	0.88	1.9980055933448677	0.005802408930391297	2.0	2.0
17998.0	0.0	0.0	0.88	2.013053494636359	0.00580099239166391	2.0	2.0
17999.0	0.0	0.0	0.88	2.029548315087036	0.00583650264789	2.0	2.0
18000.0	0.0	0.0	0.88	2.0614457831325304	0.005879606378034393	2.0	2.0
18001.100000000002	0.0	0.0	0.88	2.08651108158132	0.005897345878221252	2.0	2.0
18002.0	0.0	0.0	0.88	2.1225702200465757	0.005933635877572359	2.0	2.0
18003.1	0.0	0.0	0.88	2.149763884428267	0.005977136399862018	2.0	2.0
18004.0	0.0	0.0	0.88	2.1911696618219136	0.0060175944488198374	2.0	2.0
18005.0	0.0	0.0	0.88	2.2353209646172316	0.006053447829135814	2.0	2.0
18006.0	0.0	0.0	0.88	2.2613716614925234	0.006076929758039671	2.0	2.0
18007.0	0.0	0.0	0.88	2.2869305798706634	0.0061063778627317876	2.0	2.0
18008.0	0.0	0.0	0.88	2.29060509363833	0.006128656675391106	2.0	2.0
18009.1	0.0	0.0	0.88	2.2914151737405315	0.006148358182036792	2.0	2.0
18010.0	0.0	0.0	0.88	2.2783265949752796	0.006097896683779329	2.0	2.0
18011.0	0.0	0.0	0.88	2.2546464814903047	0.006084917456763066	2.0	2.0
18012.1	0.0	0.0	0.88	2.2322105012217652	0.006073942308838429	2.0	2.0
18013.100000000002	0.0	0.0	0.88	2.181856801170913	0.006014848816592692	2.0	2.0
18013.899999999998	0.0	0.0	0.88	2.1502115405126747	0.005963106979059267	2.0	2.0
18015.0	0.0	0.0	0.88	2.1117584001334015	0.005946901032671487	2.0	2.0
18016.0	0.0	0.0	0.88	2.0786954866646044	0.005901489376888487	2.0	2.0
18016.9	0.0	0.0	0.88	2.0590992690966416	0.00589966858548703	2.0	2.0
18018.2	0.0	0.0	0.88	2.0243584414967524	0.0058490324074623855	2.0	2.0
18019.0	0.0	0.0	0.88	2.0080283874045803	0.005833755128816794	2.0	2.0
18021.2	0.0	0.0	0.88	1.9689014703598857	0.0058119569761469645	2.0	2.0
18023.2	0.0	0.0	0.88	1.9281591123758055	0.005784607778667846	2.0	2.0
18027.2	0.0	0.0	0.88	1.8983195994825852	0.005752545154026733	2.0	2.0
18031.199999999997	0.0	0.0	0.88	1.87108369034691	0.00570974569495328	2.0	2.0
18039.3	0.0	0.0	0.88	1.858918840719487	0.005714737425857164	2.0	2.0
18047.3	0.0	0.0	0.88	1.877341873498799	0.005769992842759056	2.0	2.0
18057.2	0.0	0.0	0.88	1.9062624631457896	0.005835833058073672	2.0	2.0
18070.2	0.0	0.0	0.88	1.8751064192065383	0.005787972683709956	2.0	2.0
18092.300000000003	0.0	0.0	0.88	1.8063728746832017	0.005763820895155139	2.0	2.0
18117.3	0.0	0.0	0.88	1.7939775459119185	0.005820396168430444	2.0	2.0
17935.300000000003	0.0	0.0	1.15	1.9734604674116112	0.005430818381566734	2.0	2.0
17954.3	0.0	0.0	1.15	1.9999586674382077	0.005478982038049576	2.0	2.0
17967.199999999997	0.0	0.0	1.15	2.0110628070547487	0.005481802566005726	2.0	2.0
17977.2	0.0	0.0	1.15	2.0036298326873996	0.005490302958691748	2.0	2.0
17985.2	0.0	0.0	1.15	2.0374088828111065	0.0055302768297758485	2.0	2.0
17993.2	0.0	0.0	1.15	2.076275522345438	0.005577322949883394	2.0	2.0
17997.3	0.0	0.0	1.15	2.1222411838415183	0.005651270362193449	2.0	2.0
17998.100000000002	0.0	0.0	1.15	2.134963770285646	0.0056703418168752625	2.0	2.0
17999.0	0.0	0.0	1.15	2.1684007776497696	0.005726018625192012	2.0	2.0
17999.9	0.0	0.0	1.15	2.168966905452608	0.0056818107868095435	2.0	2.0
18001.0	0.0	0.0	1.15	2.183038992620415	0.005731104770847629	2.0	2.0
18002.0	0.0	0.0	1.15	2.2137174112954274	0.005750793952205224	2.0	2.0
18003.1	0.0	0.0	1.15	2.235706399116701	0.005787512481397917	2.0	2.0
18004.0	0.0	0.0	1.15	2.2802075058376063	0.00582937074215835	2.0	2.0
18005.0	0.0	0.0	1.15	2.3090755583038027	0.0058287204794634576	2.0	2.0
18006.1	0.0	0.0	1.15	2.3532528568361286	0.00589185437889162	2.0	2.0
18007.0	0.0	0.0	1.15	2.395331070627601	0.005941962917211356	2.0	2.0
18008.0	0.0	0.0	1.15	2.4376258193932014	0.005978839655645903	2.0	2.0
18009.0	0.0	0.0	1.15	2.4545718467048196	0.005986415695979631	2.0	2.0
18009.899999999998	0.0	0.0	1.15	2.467962845783737	0.006009122004799484	2.0	2.0
18011.0	0.0	0.0	1.15	2.5021706505948877	0.006051066836348793	2.0	2.0
18012.0	0.0	0.0	1.15	2.494216786247412	0.006057951918909809	2.0	2.0
18013.0	0.0	0.0	1.15	2.4971967551480825	0.00606089737435799	2.0	2.0
18014.1	0.0	0.0	1.15	2.492436944640444	0.006034838131002069	2.0	2.0
18015.0	0.0	0.0	1.15	2.484147803568003	0.006036762300978323	2.0	2.0
18016.100000000002	0.0	0.0	1.15	2.457874765079783	0.006002089443254049	2.0	2.0
18016.9	0.0	0.0	1.15	2.4465903410849026	0.005980272296670078	2.0	2.0
18018.2	0.0	0.0	1.15	2.455818460213407	0.005999593760467008	2.0	2.0
18019.100000000002	0.0	0.0	1.15	2.4438400269104625	0.006005885702615361	2.0	2.0
18021.2	0.0	0.0	1.15	2.422156157095916	0.005987792929961605	2.0	2.0
18023.2	0.0	0.0	1.15	2.3995673336938887	0.005960650922420528	2.0	2.0
18027.2	0.0	0.0	1.15	2.3715264294070115	0.005947861406915183	2.0	2.0
18031.199999999997	0.0	0.0	1.15	2.349882561595245	0.005909766561211773	2.0	2.0
18039.2	0.0	0.0	1.15	2.3337467021677547	0.005932087026297553	2.0	2.0
18047.3	0.0	0.0	1.15	2.320289038579302	0.005947846295162278	2.0	2.0
18057.2	0.0	0.0	1.15	2.369533112175943	0.005996129745669001	2.0	2.0
18070.2	0.0	0.0	1.15	2.397192802433393	0.006017713196760362	2.0	2.0
18092.300000000003	0.0	0.0	1.15	2.3749925321119187	0.006052607910982774	2.0	2.0
18117.2	0.0	0.0	1.15	2.375059889204971	0.0060736289115137	2.0	2.0
17935.199999999997	0.0	0.0	1.45	3.2959252051680323	0.0047186293168603784	2.0	2.0
17954.2	0.0	0.0	1.45	3.297064995802854	0.004735772394771556	2.0	2.0
17967.199999999997	0.0	0.0	1.45	3.304760616716256	0.004745385507769062	2.0	2.0
17977.2	0.0	0.0	1.45	3.2967638835786657	0.004725736594341426	2.0	2.0
17985.2	0.0	0.0	1.45	3.276304829312918	0.004737419591699168	2.0	2.0
17993.300000000003	0.0	0.0	1.45	3.2893278508374695	0.004749447463439964	2.0	2.0
17997.2	0.0	0.0	1.45	3.32092231898722	0.004768134764331057	2.0	2.0
17997.9	0.0	0.0	1.45	3.3234363165962812	0.004779358833758475	2.0	2.0
17999.0	0.0	0.0	1.45	3.3232388034312654	0.004790875191368375	2.0	2.0
18000.1	0.0	0.0	1.45	3.3308996543959157	0.004773781414447936	2.0	2.0
18001.0	0.0	0.0	1.45	3.343335084001908	0.004780131179407308	2.0	2.0
18001.899999999998	0.0	0.0	1.45	3.3465628597394725	0.004794067918812481	2.0	2.0
18003.0	0.0	0.0	1.45	3.3799735781514446	0.004830912710492031	2.0	2.0
18003.9	0.0	0.0	1.45	3.394904139971914	0.00481259078224917	2.0	2.0
18005.0	0.0	0.0	1.45	3.436338725092854	0.004846910848445987	2.0	2.0
18006.0	0.0	0.0	1.45	3.465199244214658	0.004880362278777864	2.0	2.0
18006.9	0.0	0.0	1.45	3.497856607726932	0.0049038489697220715	2.0	2.0
18008.1	0.0	0.0	1.45	3.554755498899914	0.00495762442620841	2.0	2.0
18009.0	0.0	0.0	1.45	3.5981893183067286	0.004944536669626087	2.0	2.0
18010.0	0.0	0.0	1.45	3.622851937325398	0.004973537896271104	2.0	2.0
18011.0	0.0	0.0	1.45	3.6516001429618545	0.004984004264624816	2.0	2.0
18011.9	0.0	0.0	1.45	3.659833199307942	0.005002332529180983	2.0	2.0
18013.0	0.0	0.0	1.45	3.680128737919445	0.0050063789578416685	2.0	2.0
18013.899999999998	0.0	0.0	1.45	3.6831571786087425	0.005012135967150181	2.0	2.0
18015.0	0.0	0.0	1.45	3.6823721389878483	0.005022672880776927	2.0	2.0
18016.0	0.0	0.0	1.45	3.6774807802466163	0.00499001453164099	2.0	2.0
18017.0	0.0	0.0	1.45	3.6743149938222257	0.005000243658696126	2.0	2.0
18018.100000000002	0.0	0.0	1.45	3.6678726915137827	0.005008146513143073	2.0	2.0
18019.0	0.0	0.0	1.45	3.667975773577064	0.005020837901761977	2.0	2.0
18021.2	0.0	0.0	1.45	3.654766784709421	0.0049932922407101964	2.0	2.0
18023.2	0.0	0.0	1.45	3.6544321075310937	0.0050178282611889145	2.0	2.0
18027.2	0.0	0.0	1.45	3.621566110397946	0.004997238706522403	2.0	2.0
18031.199999999997	0.0	0.0	1.45	3.5989659837052868	0.005012470582421723	2.0	2.0
18039.3	0.0	0.0	1.45	3.578038072797172	0.005002689774911639	2.0	2.0
18047.3	0.0	0.0	1.45	3.5701821971600323	0.0049972209505021745	2.0	2.0
18057.300000000003	0.0	0.0	1.45	3.598698867359356	0.005033976910356017	2.0	2.0
18070.2	0.0	0.0	1.45	3.6373476977531363	0.0050416920477961424	2.0	2.0
18092.199999999997	0.0	0.0	1.45	3.6381754644795077	0.00506267910279813	2.0	2.0
18117.2	0.0	0.0	1.45	3.6477250628243825	0.0050930158860447786	2.0	2.0
17935.300000000003	0.0	0.0	1.71	3.355714268709305	0.006596569891321168	2.0	2.0
17954.3	0.0	0.0	1.71	3.3588642236316657	0.006561361639652337	2.0	2.0
17967.300000000003	0.0	0.0	1.71	3.3630197270369546	0.006579593841315292	2.0	2.0
17977.2	0.0	0.0	1.71	3.372906496875369	0.006579949416342413	2.0	2.0
17985.2	0.0	0.0	1.71	3.3645633012820513	0.006577828761312217	2.0	2.0
17993.2	0.0	0.0	1.71	3.3810976192752653	0.006624986494884788	2.0	2.0
17997.2	0.0	0.0	1.71	3.3980517482186396	0.00661231174395758	2.0	2.0
17998.0	0.0	0.0	1.71	3.3981201143046076	0.006598652551779515	2.0	2.0
17998.899999999998	0.0	0.0	1.71	3.398113922402055	0.006610040610459266	2.0	2.0
18000.0	0.0	0.0	1.71	3.403984476375281	0.006634598754776729	2.0	2.0
18001.0	0.0	0.0	1.71	3.4159350224668876	0.00660159303173595	2.0	2.0
18002.0	0.0	0.0	1.71	3.4188435037047524	0.006616628557270282	2.0	2.0
18003.1	0.0	0.0	1.71	3.4412429445524833	0.0066529484655883896	2.0	2.0
18004.0	0.0	0.0	1.71	3.4544644134051583	0.006682860394718024	2.0	2.0
18005.1	0.0	0.0	1.71	3.489419927903306	0.006669595693047146	2.0	2.0
18006.0	0.0	0.0	1.71	3.5066577565406636	0.006700501608553721	2.0	2.0
18007.0	0.0	0.0	1.71	3.521837197431058	0.006726226954901052	2.0	2.0
18008.199999999997	0.0	0.0	1.71	3.5643139967560344	0.0067802280316763665	2.0	2.0
18008.9	0.0	0.0	1.71	3.58496275716715	0.006821004598471967	2.0	2.0
18010.2	0.0	0.0	1.71	3.6082382163344966	0.0067942068720799565	2.0	2.0
18011.0	0.0	0.0	1.71	3.6406550738446883	0.006845961529299666	2.0	2.0
18012.0	0.0	0.0	1.71	3.6358120138133763	0.006856541876277079	2.0	2.0
18013.0	0.0	0.0	1.71	3.654993276665226	0.006887958987657878	2.0	2.0
18014.0	0.0	0.0	1.71	3.651113953736276	0.006838183444077273	2.0	2.0
18015.1	0.0	0.0	1.71	3.6422039649937488	0.006850081085908198	2.0	2.0
18016.100000000002	0.0	0.0	1.71	3.6344464743285565	0.006832679723830313	2.0	2.0
18016.9	0.0	0.0	1.71	3.658581675398919	0.006869956199501127	2.0	2.0
18018.0	0.0	0.0	1.71	3.6516605431023135	0.0068757636104695005	2.0	2.0
18019.100000000002	0.0	0.0	1.71	3.638307283283856	0.006858748763069734	2.0	2.0
18021.2	0.0	0.0	1.71	3.644223796374115	0.006877077200144075	2.0	2.0
18023.2	0.0	0.0	1.71	3.634780739980181	0.006852247758449838	2.0	2.0
18027.2	0.0	0.0	1.71	3.6002799880347	0.006833650134609632	2.0	2.0
18031.300000000003	0.0	0.0	1.71	3.5884147821023005	0.006885692152771038	2.0	2.0
18039.3	0.0	0.0	1.71	3.5674288955123026	0.0068482308648381215	2.0	2.0
18047.3	0.0	0.0	1.71	3.5724612550124637	0.006842000409426442	2.0	2.0
18057.300000000003	0.0	0.0	1.71	3.600719362428095	0.0069423382974268	2.0	2.0
18070.2	0.0	0.0	1.71	3.6370620504693405	0.006944938559063757	2.0	2.0
18092.300000000003	0.0	0.0	1.71	3.6146630304841603	0.0070001484359434145	2.0	2.0
18117.3	0.0	0.0	1.71	3.6203233972847535	0.006996824104638753	2.0	2.0
17935.300000000003	0.0	0.0	2.31	0.0957828118530786	0.001776189389010469	2.0	2.0
17954.2	0.0	0.0	2.31	0.09275305479636733	0.0018220561812900618	2.0	2.0
17967.199999999997	0.0	0.0	2.31	0.09539701771854268	0.0017997042910783477	2.0	2.0
17977.2	0.0	0.0	2.31	0.09338889874091151	0.0017744565821363127	2.0	2.0
17985.2	0.0	0.0	2.31	0.09860938074727987	0.0018004648844907984	2.0	2.0
17993.300000000003	0.0	0.0	2.31	0.09514743109780012	0.0017926219084631748	2.0	2.0
17997.2	0.0	0.0	2.31	0.09061197839377931	0.0017853533566807146	2.0	2.0
17998.0	0.0	0.0	2.31	0.08648197397765084	0.0017743926727170815	2.0	2.0
17999.0	0.0	0.0	2.31	0.09087277381080532	0.0017810282631837047	2.0	2.0
18000.1	0.0	0.0	2.31	0.09104120588518126	0.0017782416578517167	2.0	2.0
18000.9	0.0	0.0	2.31	0.0939033672840625	0.0017885045972428624	2.0	2.0
18002.1	0.0	0.0	2.31	0.08446240789756063	0.0017637509836182846	2.0	2.0
18003.0	0.0	0.0	2.31	0.09185611958891311	0.0017726459526148095	2.0	2.0
18004.100000000002	0.0	0.0	2.31	0.08865557941215717	0.0017872435920763736	2.0	2.0
18005.0	0.0	0.0	2.31	0.08563553595561561	0.0017534105080968302	2.0	2.0
18006.0	0.0	0.0	2.31	0.08089430410623134	0.0017572935283128874	2.0	2.0
18007.0	0.0	0.0	2.31	0.08430080260277742	0.0017660112675382464	2.0	2.0
18007.899999999998	0.0	0.0	2.31	0.0804025676514103	0.0017499565694649932	2.0	2.0
18009.2	0.0	0.0	2.31	0.08057732403479761	0.0017648886811896375	2.0	2.0
18010.100000000002	0.0	0.0	2.31	0.08502190580503834	0.0017739888804228772	2.0	2.0
18011.0	0.0	0.0	2.31	0.08837797351548925	0.0017644350170771168	2.0	2.0
18012.1	0.0	0.0	2.31	0.08984484851398286	0.0017743540963116972	2.0	2.0
18012.899999999998	0.0	0.0	2.31	0.0868185526442077	0.0017805739514348785	2.0	2.0
18014.1	0.0	0.0	2.31	0.08766974405522579	0.001785253496399097	2.0	2.0
18015.0	0.0	0.0	2.31	0.08994530012955232	0.0017843120531644354	2.0	2.0
18016.100000000002	0.0	0.0	2.31	0.08829187753490542	0.00178302405991649	2.0	2.0
18017.0	0.0	0.0	2.31	0.09036250894347722	0.0017744437157166705	2.0	2.0
18018.0	0.0	0.0	2.31	0.09785988724909332	0.001791984990484398	2.0	2.0
18019.0	0.0	0.0	2.31	0.09854704658351475	0.001800960416641609	2.0	2.0
18021.2	0.0	0.0	2.31	0.08974133359047298	0.0017964525577358853	2.0	2.0
18023.2	0.0	0.0	2.31	0.0942974968139082	0.00180239774448746	2.0	2.0
18027.2	0.0	0.0	2.31	0.09799110639785011	0.0018187512804135886	2.0	2.0
18031.199999999997	0.0	0.0	2.31	0.09640513036671283	0.0018129510447401696	2.0	2.0
18039.2	0.0	0.0	2.31	0.09335086629896142	0.001833012747927092	2.0	2.0
18047.2	0.0	0.0	2.31	0.09264619381402872	0.0018314967403558649	2.0	2.0
18057.300000000003	0.0	0.0	2.31	0.09335108982504155	0.0018306470530739909	2.0	2.0
18070.2	0.0	0.0	2.31	0.09209091365966429	0.0018494751985124133	2.0	2.0
18092.199999999997	0.0	0.0	2.31	0.0870804643170608	0.0018422985919671663	2.0	2.0
18117.2	0.0	0.0	2.31	0.09733753787176158	0.001845892907932975	2.0	2.0
17935.300000000003	0.0	0.0	2.64	0.11301437514655827	0.0008616667021959463	2.0	2.0
17954.2	0.0	0.0	2.64	0.10939090649127825	0.0008738760604327519	2.0	2.0
17967.199999999997	0.0	0.0	2.64	0.10842225180175318	0.0008736797975800746	2.0	2.0
17977.2	0.0	0.0	2.64	0.10914345795065557	0.0008723850046329414	2.0	2.0
17985.2	0.0	0.0	2.64	0.10841806725690692	0.0008719992522776955	2.0	2.0
17993.2	0.0	0.0	2.64	0.10372348854071133	0.0008730950883275153	2.0	2.0
17997.3	0.0	0.0	2.64	0.10507723416729482	0.0008679968651662539	2.0	2.0
17998.0	0.0	0.0	2.64	0.10357733249245119	0.000870101646409051	2.0	2.0
17998.899999999998	0.0	0.0	2.64	0.10273549086530735	0.0008675122023759555	2.0	2.0
18000.0	0.0	0.0	2.64	0.10249551916206522	0.0008719126604477702	2.0	2.0
18000.9	0.0	0.0	2.64	0.1012374356650917	0.0008658481899926406	2.0	2.0
18002.0	0.0	0.0	2.64	0.10071056587888629	0.0008660653075951651	2.0	2.0
18002.9	0.0	0.0	2.64	0.09988651223052653	0.0008627559533092601	2.0	2.0
18003.9	0.0	0.0	2.64	0.10090125476833656	0.0008628300363634612	2.0	2.0
18005.0	0.0	0.0	2.64	0.10134184552342292	0.000861847538710312	2.0	2.0
18005.9	0.0	0.0	2.64	0.09936605709081323	0.000860445246027371	2.0	2.0
18007.0	0.0	0.0	2.64	0.09976175678475244	0.0008644600382538146	2.0	2.0
18007.899999999998	0.0	0.0	2.64	0.09936966453086586	0.0008648055759886951	2.0	2.0
18009.0	0.0	0.0	2.64	0.10199549428036075	0.0008701118896074385	2.0	2.0
18010.0	0.0	0.0	2.64	0.10228075818826038	0.0008639062875085219	2.0	2.0
18010.899999999998	0.0	0.0	2.64	0.10208217355784177	0.0008675674959212051	2.0	2.0
18012.1	0.0	0.0	2.64	0.1027818126010552	0.0008717460889068274	2.0	2.0
18013.0	0.0	0.0	2.64	0.10061329725607164	0.0008726510229312451	2.0	2.0
18014.0	0.0	0.0	2.64	0.10341576784423322	0.0008755948967263941	2.0	2.0
18014.9	0.0	0.0	2.64	0.10492492246446138	0.0008750572690621754	2.0	2.0
18015.899999999998	0.0	0.0	2.64	0.10579170760273542	0.0008762556201390939	2.0	2.0
18017.0	0.0	0.0	2.64	0.10462113142573651	0.000879392458134524	2.0	2.0
18017.9	0.0	0.0	2.64	0.10616297879715755	0.0008756325947965413	2.0	2.0
18019.0	0.0	0.0	2.64	0.10745191435859618	0.0008814154285092545	2.0	2.0
18021.2	0.0	0.0	2.64	0.10708815437747556	0.0008840907982283273	2.0	2.0
18023.2	0.0	0.0	2.64	0.1058644893143226	0.0008800684009081435	2.0	2.0
18027.2	0.0	0.0	2.64	0.10892937422692688	0.0008849572425256435	2.0	2.0
18031.199999999997	0.0	0.0	2.64	0.10650403299318555	0.0008920966390902238	2.0	2.0
18039.2	0.0	0.0	2.64	0.10742958311648516	0.0008852470366785507	2.0	2.0
18047.2	0.0	0.0	2.64	0.10710343569054126	0.0008926008858024995	2.0	2.0
18057.2	0.0	0.0	2.64	0.10704965017903835	0.0008931556832660142	2.0	2.0
18070.2	0.0	0.0	2.64	0.10714912917182162	0.00089540907156754	2.0	2.0
18092.300000000003	0.0	0.0	2.64	0.11187984496124032	0.0008986568276684555	2.0	2.0
18117.2	0.0	0.0	2.64	0.11151656640934234	0.0009085471427923136	2.0	2.0
17935.300000000003	0.0	0.0	2.85	0.10705387412640391	0.0009144519309077823	2.0	2.0
17954.2	0.0	0.0	2.85	0.10708632701679935	0.0009063003045387163	2.0	2.0
17967.199999999997	0.0	0.0	2.85	0.10240438745367253	0.0009200946901622683	2.0	2.0
17977.2	0.0	0.0	2.85	0.10511896608911658	0.0009206528996418251	2.0	2.0
17985.2	0.0	0.0	2.85	0.1017026580052331	0.0009210859836335126	2.0	2.0
17993.2	0.0	0.0	2.85	0.10109468587641046	0.0009298625205449123	2.0	2.0
17997.3	0.0	0.0	2.85	0.09794085916870299	0.0009298280124845925	2.0	2.0
17997.9	0.0	0.0	2.85	0.09847943207704081	0.0009301574563993781	2.0	2.0
17999.0	0.0	0.0	2.85	0.10017587191142975	0.0009258631899128328	2.0	2.0
18000.0	0.0	0.0	2.85	0.09684665789131096	0.0009266022738778876	2.0	2.0
18000.9	0.0	0.0	2.85	0.09938858614144584	0.0009225410148798169	2.0	2.0
18002.0	0.0	0.0	2.85	0.09814681570429908	0.0009217277376039273	2.0	2.0
18002.9	0.0	0.0	2.85	0.09755369226596125	0.0009185832731218209	2.0	2.0
18003.9	0.0	0.0	2.85	0.09920414827848356	0.0009210569121240084	2.0	2.0
18005.0	0.0	0.0	2.85	0.09887636941726823	0.0009207082066577334	2.0	2.0
18005.9	0.0	0.0	2.85	0.09606127072021863	0.0009183046036939821	2.0	2.0
18007.0	0.0	0.0	2.85	0.09674720182281944	0.0009227126723043684	2.0	2.0
18007.899999999998	0.0	0.0	2.85	0.09865535367994467	0.0009257523103930208	2.0	2.0
18009.1	0.0	0.0	2.85	0.09556807732097014	0.0009229971215372237	2.0	2.0
18010.0	0.0	0.0	2.85	0.0990399638484133	0.0009237011148341691	2.0	2.0
18010.8	0.0	0.0	2.85	0.09988946302683056	0.0009282045223620158	2.0	2.0
18012.0	0.0	0.0	2.85	0.1019590872946607	0.0009311304813715793	2.0	2.0
18012.899999999998	0.0	0.0	2.85	0.10039532992537188	0.0009273657065682821	2.0	2.0
18014.0	0.0	0.0	2.85	0.1013479302910961	0.0009296638363984536	2.0	2.0
18015.0	0.0	0.0	2.85	0.10052822642001609	0.0009325370809150127	2.0	2.0
18015.899999999998	0.0	0.0	2.85	0.10241614039656531	0.000934051423762572	2.0	2.0
18017.0	0.0	0.0	2.85	0.10109559597824676	0.000932058744332088	2.0	2.0
18017.9	0.0	0.0	2.85	0.10417976844271204	0.0009357939555529795	2.0	2.0
18019.0	0.0	0.0	2.85	0.10241227803860325	0.0009377429704634382	2.0	2.0
18021.2	0.0	0.0	2.85	0.10544521902441747	0.0009384262707977958	2.0	2.0
18023.2	0.0	0.0	2.85	0.10390094289341331	0.0009403549174847131	2.0	2.0
18027.2	0.0	0.0	2.85	0.10383340853625994	0.0009383502176033069	2.0	2.0
18031.199999999997	0.0	0.0	2.85	0.10231916885334162	0.0009389257565248602	2.0	2.0
18039.2	0.0	0.0	2.85	0.10594997650612932	0.0009459643188376561	2.0	2.0
18047.2	0.0	0.0	2.85	0.10777931598270614	0.0009446922846722609	2.0	2.0
18057.2	0.0	0.0	2.85	0.1045137916549986	0.000960564167700124	2.0	2.0
18070.2	0.0	0.0	2.85	0.10525148674528777	0.000955661973493034	2.0	2.0
18092.199999999997	0.0	0.0	2.85	0.10758731622203056	0.0009643622173313903	2.0	2.0
18117.2	0.0	0.0	2.85	0.10790409792914112	0.0009628580706424139	2.0	2.0
17935.300000000003	0.0	0.0	3.21	0.11923235572295808	0.0013736997670901266	2.0	2.0
17954.2	0.0	0.0	3.21	0.12155117635069519	0.001355203798211995	2.0	2.0
17967.199999999997	0.0	0.0	3.21	0.11963872717122577	0.001379805367254167	2.0	2.0
17977.2	0.0	0.0	3.21	0.11807521468759254	0.0013778901984009477	2.0	2.0
17985.2	0.0	0.0	3.21	0.12129004958991434	0.0013670184756044512	2.0	2.0
17993.2	0.0	0.0	3.21	0.11479988666429886	0.0013783089435436561	2.0	2.0
17997.2	0.0	0.0	3.21	0.11450411727985177	0.0013817832533469052	2.0	2.0
17998.0	0.0	0.0	3.21	0.11738091438602091	0.0013870219021782494	2.0	2.0
17999.0	0.0	0.0	3.21	0.11612220037102797	0.0013893629226812744	2.0	2.0
18000.0	0.0	0.0	3.21	0.11666880046089956	0.001389060637097613	2.0	2.0
18000.9	0.0	0.0	3.21	0.11378490718806493	0.0013886449176897825	2.0	2.0
18002.0	0.0	0.0	3.21	0.11644986127625842	0.001385377447483155	2.0	2.0
18002.9	0.0	0.0	3.21	0.11823148619417229	0.0013869833550706197	2.0	2.0
18004.0	0.0	0.0	3.21	0.11674245176434894	0.001390086351097254	2.0	2.0
18005.0	0.0	0.0	3.21	0.11402347216143836	0.0013914676324273973	2.0	2.0
18006.0	0.0	0.0	3.21	0.11380460840449348	0.0013805940205654508	2.0	2.0
18007.0	0.0	0.0	3.21	0.11614651303434446	0.001387479310564344	2.0	2.0
18007.899999999998	0.0	0.0	3.21	0.11795821846278194	0.00139097555608017	2.0	2.0
18009.0	0.0	0.0	3.21	0.11418084845364557	0.0013929521311897416	2.0	2.0
18010.0	0.0	0.0	3.21	0.11404761140877154	0.0013947969136000513	2.0	2.0
18010.8	0.0	0.0	3.21	0.11379060939060938	0.0013896717282717284	2.0	2.0
18012.0	0.0	0.0	3.21	0.119366536165843	0.0013990020698286375	2.0	2.0
18013.0	0.0	0.0	3.21	0.12094735663261633	0.0013971744086520386	2.0	2.0
18014.0	0.0	0.0	3.21	0.11460347111230994	0.0013976163579488955	2.0	2.0
18014.9	0.0	0.0	3.21	0.1188758459771311	0.0013935597276864152	2.0	2.0
18015.899999999998	0.0	0.0	3.21	0.1153799423681802	0.0013992726080996286	2.0	2.0
18017.0	0.0	0.0	3.21	0.11877473929554543	0.0013977107034499386	2.0	2.0
18018.0	0.0	0.0	3.21	0.11818885761068586	0.001400593174540439	2.0	2.0
18019.0	0.0	0.0	3.21	0.11675116095961949	0.0013991426172609387	2.0	2.0
18021.100000000002	0.0	0.0	3.21	0.11706964066030379	0.0014030978877033297	2.0	2.0
18023.2	0.0	0.0	3.21	0.11791222644232133	0.0014048716878189563	2.0	2.0
18027.3	0.0	0.0	3.21	0.12089770287503834	0.0014065518911327425	2.0	2.0
18031.199999999997	0.0	0.0	3.21	0.11770649326610842	0.0014072817772484197	2.0	2.0
18039.2	0.0	0.0	3.21	0.11716445480121629	0.0014115252331288592	2.0	2.0
18047.2	0.0	0.0	3.21	0.12126916517751503	0.0014154119034213769	2.0	2.0
18057.2	0.0	0.0	3.21	0.11980240041462449	0.0014189917605625182	2.0	2.0
18070.2	0.0	0.0	3.21	0.11861579479786541	0.001422977937412202	2.0	2.0
18092.300000000003	0.0	0.0	3.21	0.12223822537361204	0.0014299235541768225	2.0	2.0
18117.2	0.0	0.0	3.21	0.12468211730090395	0.0014501012306884437	2.0	2.0
17935.4	0.0	0.0	3.55	0.174491000381713	0.0018548116393105676	2.0	2.0
17954.2	0.0	0.0	3.55	0.1784642484726731	0.00184928367336118	2.0	2.0
17967.199999999997	0.0	0.0	3.55	0.17446615282094227	0.0018524860972689906	2.0	2.0
17977.2	0.0	0.0	3.55	0.17506174586052214	0.00186661025541271	2.0	2.0
17985.2	0.0	0.0	3.55	0.17957728455023242	0.0018765964323339823	2.0	2.0
17993.2	0.0	0.0	3.55	0.17409321786048954	0.0018751131351354578	2.0	2.0
17997.3	0.0	0.0	3.55	0.1750116211158655	0.001879201003587647	2.0	2.0
17997.9	0.0	0.0	3.55	0.17548205597915947	0.0018716786610679576	2.0	2.0
17999.0	0.0	0.0	3.55	0.17549937317175096	0.0018745181183212943	2.0	2.0
18000.0	0.0	0.0	3.55	0.17404085938998656	0.0018839185090159217	2.0	2.0
18000.9	0.0	0.0	3.55	0.17302692637365885	0.001867590813702598	2.0	2.0
18002.1	0.0	0.0	3.55	0.1741628472407992	0.0018770757762202844	2.0	2.0
18002.9	0.0	0.0	3.55	0.17739887700726012	0.0018842623654375737	2.0	2.0
18004.0	0.0	0.0	3.55	0.17415929203539823	0.001885670376481176	2.0	2.0
18005.0	0.0	0.0	3.55	0.17277784467188442	0.0018970324503311258	2.0	2.0
18006.0	0.0	0.0	3.55	0.17292030353771065	0.0018750628213806454	2.0	2.0
18007.0	0.0	0.0	3.55	0.1697918343738633	0.0018778519167814529	2.0	2.0
18008.0	0.0	0.0	3.55	0.17482775340153361	0.0018785574983388904	2.0	2.0
18009.0	0.0	0.0	3.55	0.1760014892479898	0.0018826674953611126	2.0	2.0
18010.0	0.0	0.0	3.55	0.17262341681059298	0.0018820958069468432	2.0	2.0
18011.0	0.0	0.0	3.55	0.17522377393324004	0.001880805526605723	2.0	2.0
18012.0	0.0	0.0	3.55	0.17759769440017256	0.0018817606562091817	2.0	2.0
18013.0	0.0	0.0	3.55	0.17547630854159074	0.0018814343324511146	2.0	2.0
18014.0	0.0	0.0	3.55	0.17437404098916393	0.0018795241522046842	2.0	2.0
18015.0	0.0	0.0	3.55	0.18014560961334017	0.0018801745165259146	2.0	2.0
18016.0	0.0	0.0	3.55	0.17889731228082753	0.0018648690192423726	2.0	2.0
18017.0	0.0	0.0	3.55	0.18079626275831465	0.0018738920805497917	2.0	2.0
18018.0	0.0	0.0	3.55	0.16754826208357404	0.001869915451088003	2.0	2.0
18019.0	0.0	0.0	3.55	0.17916130692050425	0.0018717621050490304	2.0	2.0
18021.100000000002	0.0	0.0	3.55	0.17455987235548517	0.0018694491731298698	2.0	2.0
18023.2	0.0	0.0	3.55	0.17258477363794034	0.0018726159320614796	2.0	2.0
18027.2	0.0	0.0	3.55	0.177468015810656	0.0018843249581641404	2.0	2.0
18031.199999999997	0.0	0.0	3.55	0.1780240704149452	0.0018870444883539908	2.0	2.0
18039.3	0.0	0.0	3.55	0.18288421460766732	0.001901675168419522	2.0	2.0
18047.2	0.0	0.0	3.55	0.17886069229783572	0.0019089011465076972	2.0	2.0
18057.2	0.0	0.0	3.55	0.17629153334974157	0.0019240109524981542	2.0	2.0
18070.2	0.0	0.0	3.55	0.17493262118955905	0.0019264878718141206	2.0	2.0
18092.199999999997	0.0	0.0	3.55	0.18333015660257868	0.0019263373934001883	2.0	2.0
18117.2	0.0	0.0	3.55	0.18197839610479014	0.001949766562777715	2.0	2.0
17935.300000000003	0.0	0.0	4.24	0.13926876146655406	0.002852545502198666	2.0	2.0
17954.2	0.0	0.0	4.24	0.13702813424831026	0.002703023559363652	2.0	2.0
17967.199999999997	0.0	0.0	4.24	0.13966297455865714	0.0027250140756136703	2.0	2.0
17977.2	0.0	0.0	4.24	0.13885689781916197	0.0026413349669198727	2.0	2.0
17985.2	0.0	0.0	4.24	0.13572988980047576	0.0026346070197582404	2.0	2.0
17993.2	0.0	0.0	4.24	0.14048728483643375	0.0026169382988153276	2.0	2.0
17997.3	0.0	0.0	4.24	0.14175567144408513	0.0026170731649104383	2.0	2.0
17998.0	0.0	0.0	4.24	0.13459802222929412	0.0025985443701896445	2.0	2.0
17999.0	0.0	0.0	4.24	0.13420355343159288	0.0026066450590267096	2.0	2.0
18000.0	0.0	0.0	4.24	0.13933767477041992	0.002632350521799766	2.0	2.0
18001.0	0.0	0.0	4.24	0.1361795409571884	0.002617268375339187	2.0	2.0
18002.0	0.0	0.0	4.24	0.1391228607076438	0.002617208503025024	2.0	2.0
18003.0	0.0	0.0	4.24	0.13929551151681407	0.0026174409970202905	2.0	2.0
18004.100000000002	0.0	0.0	4.24	0.1351196558853585	0.002619567361391668	2.0	2.0
18005.0	0.0	0.0	4.24	0.1462257060023623	0.002627330016583748	2.0	2.0
18006.0	0.0	0.0	4.24	0.14222287875206807	0.0026259743559442212	2.0	2.0
18006.9	0.0	0.0	4.24	0.14044462888309225	0.0026220680578610384	2.0	2.0
18008.1	0.0	0.0	4.24	0.1448103649669837	0.0026396234713580774	2.0	2.0
18009.0	0.0	0.0	4.24	0.1357157399312583	0.0026354981377468534	2.0	2.0
18010.0	0.0	0.0	4.24	0.13948230863653158	0.002641241196029126	2.0	2.0
18011.0	0.0	0.0	4.24	0.14487942522466982	0.0026294886538780734	2.0	2.0
18012.0	0.0	0.0	4.24	0.14407393337923502	0.0026256833020726986	2.0	2.0
18013.0	0.0	0.0	4.24	0.1374532551165486	0.002616099953404461	2.0	2.0
18014.0	0.0	0.0	4.24	0.13732780893190935	0.002624408329463871	2.0	2.0
18014.9	0.0	0.0	4.24	0.1468439809610371	0.002628373197158507	2.0	2.0
18016.100000000002	0.0	0.0	4.24	0.13433340826008258	0.0026206890106119938	2.0	2.0
18017.0	0.0	0.0	4.24	0.14768438700165273	0.002633700700331736	2.0	2.0
18018.0	0.0	0.0	4.24	0.14358108913961312	0.002637378408033776	2.0	2.0
18019.0	0.0	0.0	4.24	0.13864621220305617	0.0026376112451534685	2.0	2.0
18021.100000000002	0.0	0.0	4.24	0.1371608607775532	0.002623121745333492	2.0	2.0
18023.2	0.0	0.0	4.24	0.14105779258921827	0.0026424819285774223	2.0	2.0
18027.3	0.0	0.0	4.24	0.13966694721654443	0.0026411961043645545	2.0	2.0
18031.300000000003	0.0	0.0	4.24	0.13929641256680006	0.0026352209494596083	2.0	2.0
18039.2	0.0	0.0	4.24	0.1415127634886869	0.002646343429704119	2.0	2.0
18047.2	0.0	0.0	4.24	0.14370576156540646	0.0026495187824616497	2.0	2.0
18057.2	0.0	0.0	4.24	0.1435556209102272	0.0026844022498345712	2.0	2.0
18070.2	0.0	0.0	4.24	0.1337509093375091	0.0026808416458084165	2.0	2.0
18092.300000000003	0.0	0.0	4.24	0.1525485587034517	0.0026776375108251886	2.0	2.0
18117.2	0.0	0.0	4.24	0.15639641638014962	0.0027076503136283536	2.0	2.0
17935.300000000003	0.0	0.0	4.55	0.004499174280158751	0.0007793052965932398	2.0	2.0
17954.2	0.0	0.0	4.55	0.004414693646659517	0.0007844065619365256	2.0	2.0
17967.199999999997	0.0	0.0	4.55	0.004613465071046518	0.0007852118395105084	2.0	2.0
17977.2	0.0	0.0	4.55	0.002138525483783047	0.0007915014479422186	2.0	2.0
17985.2	0.0	0.0	4.55	0.003175907860359296	0.0007895409895829817	2.0	2.0
17993.2	0.0	0.0	4.55	0.001795169257107124	0.0007949253621690333	2.0	2.0
17997.3	0.0	0.0	4.55	0.005057360189323502	0.0007914504820705812	2.0	2.0
17997.9	0.0	0.0	4.55	0.0023925784566069257	0.0007920555597058004	2.0	2.0
17999.0	0.0	0.0	4.55	0.0014926110893316745	0.0007929613254018306	2.0	2.0
17999.9	0.0	0.0	4.55	0.0026924096869947564	0.0007938205117237958	2.0	2.0
18000.9	0.0	0.0	4.55	0.0018819888350197463	0.0007972665184407457	2.0	2.0
18001.899999999998	0.0	0.0	4.55	0.002819797626076511	0.0007933232383899668	2.0	2.0
18002.8	0.0	0.0	4.55	0.003040092141558603	0.0007957570073076026	2.0	2.0
18004.0	0.0	0.0	4.55	0.00432687448500806	0.000796005152917274	2.0	2.0
18004.899999999998	0.0	0.0	4.55	0.003200513541560898	0.0007980415548744284	2.0	2.0
18005.9	0.0	0.0	4.55	0.002947153607414651	0.0007938680668338931	2.0	2.0
18007.0	0.0	0.0	4.55	-0.00012314660936904869	0.0007967403041260092	2.0	2.0
18007.899999999998	0.0	0.0	4.55	0.004257643793887709	0.0007958267784063036	2.0	2.0
18009.0	0.0	0.0	4.55	0.0067110716655321275	0.0008000072897727762	2.0	2.0
18009.899999999998	0.0	0.0	4.55	0.003813624111147953	0.0007993166812983295	2.0	2.0
18010.8	0.0	0.0	4.55	0.0017697119605880364	0.0007966994530291797	2.0	2.0
18012.0	0.0	0.0	4.55	0.0024425864335457918	0.0007994745684758247	2.0	2.0
18012.899999999998	0.0	0.0	4.55	0.003963491624478409	0.0007991990043170312	2.0	2.0
18014.0	0.0	0.0	4.55	0.0036950688954765043	0.0007965695508069828	2.0	2.0
18014.9	0.0	0.0	4.55	0.002491223401533218	0.0007958823850512949	2.0	2.0
18016.0	0.0	0.0	4.55	-0.0004893376089447787	0.0007935012122922695	2.0	2.0
18017.0	0.0	0.0	4.55	0.0008779673229509401	0.0007964545452993233	2.0	2.0
18017.9	0.0	0.0	4.55	0.0016345775896545983	0.0007998290756732355	2.0	2.0
18019.0	0.0	0.0	4.55	0.0026783650381409516	0.0007939960295337423	2.0	2.0
18021.100000000002	0.0	0.0	4.55	0.000940790476337253	0.0007973519162569759	2.0	2.0
18023.2	0.0	0.0	4.55	0.00032128069130741855	0.0008009620764149507	2.0	2.0
18027.2	0.0	0.0	4.55	-0.00023904300014487454	0.0008016140404130994	2.0	2.0
18031.199999999997	0.0	0.0	4.55	0.0017977566778861467	0.0007998125973813561	2.0	2.0
18039.3	0.0	0.0	4.55	0.0010982495126909027	0.0008057861369473323	2.0	2.0
18047.2	0.0	0.0	4.55	0.0023639216289219607	0.000803459414977444	2.0	2.0
18057.300000000003	0.0	0.0	4.55	0.003751689498513241	0.0008022812895124653	2.0	2.0
18070.2	0.0	0.0	4.55	0.00339612634004468	0.0008077630035266182	2.0	2.0
18092.300000000003	0.0	0.0	4.55	0.004717984914247187	0.000810210554408439	2.0	2.0
18117.2	0.0	0.0	4.55	0.0029714210353726173	0.000815912384693252	2.0	2.0
17935.300000000003	0.0	0.0	5.61	0.129162338275569	0.0025486964066484086	2.0	2.0
17954.2	0.0	0.0	5.61	0.13309138936615356	0.002563199738186238	2.0	2.0
17967.199999999997	0.0	0.0	5.61	0.13557322057121257	0.002589187356783445	2.0	2.0
17977.3	0.0	0.0	5.61	0.11746614697484867	0.0025724734329277683	2.0	2.0
17985.2	0.0	0.0	5.61	0.12864026200461806	0.002572424249564111	2.0	2.0
17993.2	0.0	0.0	5.61	0.13059263968354876	0.002575683878411151	2.0	2.0
17997.3	0.0	0.0	5.61	0.13045508826276647	0.0025715500668030316	2.0	2.0
17998.100000000002	0.0	0.0	5.61	0.12618824395048836	0.0025857909165351344	2.0	2.0
17999.0	0.0	0.0	5.61	0.130566958177167	0.0025893765244809326	2.0	2.0
17999.9	0.0	0.0	5.61	0.1326546556499917	0.0025723028480787898	2.0	2.0
18001.0	0.0	0.0	5.61	0.13369454751719412	0.00257388823237456	2.0	2.0
18002.0	0.0	0.0	5.61	0.13028357854769815	0.0025939165875652585	2.0	2.0
18003.0	0.0	0.0	5.61	0.1316321577819607	0.002584348001089131	2.0	2.0
18004.0	0.0	0.0	5.61	0.1305724151748359	0.0025795719555456033	2.0	2.0
18005.0	0.0	0.0	5.61	0.1298306407739433	0.0025792195520022705	2.0	2.0
18006.0	0.0	0.0	5.61	0.1314928862150392	0.0025777095867003668	2.0	2.0
18007.0	0.0	0.0	5.61	0.13737224185691088	0.002613131984907823	2.0	2.0
18008.1	0.0	0.0	5.61	0.14512186481507722	0.002596416088044967	2.0	2.0
18009.1	0.0	0.0	5.61	0.12859633517167765	0.0025897906659550496	2.0	2.0
18009.899999999998	0.0	0.0	5.61	0.12835381068941754	0.00259550143777181	2.0	2.0
18011.199999999997	0.0	0.0	5.61	0.12994603132815585	0.002605905919800878	2.0	2.0
18012.0	0.0	0.0	5.61	0.12743456857166469	0.0025861258219509603	2.0	2.0
18013.0	0.0	0.0	5.61	0.1340715987059618	0.002590610639079479	2.0	2.0
18014.1	0.0	0.0	5.61	0.12897296524102417	0.002595138869022076	2.0	2.0
18015.0	0.0	0.0	5.61	0.1421493729301914	0.0026078630608658226	2.0	2.0
18016.0	0.0	0.0	5.61	0.12559614679116224	0.0025937007846060993	2.0	2.0
18016.9	0.0	0.0	5.61	0.12905166775670374	0.0025996205481895475	2.0	2.0
18018.100000000002	0.0	0.0	5.61	0.13043390057041934	0.002612621780949426	2.0	2.0
18019.100000000002	0.0	0.0	5.61	0.13207314444471055	0.0026126778914090007	2.0	2.0
18021.2	0.0	0.0	5.61	0.12622658764564057	0.002603643478983812	2.0	2.0
18023.2	0.0	0.0	5.61	0.12182665692066193	0.002603512516026985	2.0	2.0
18027.2	0.0	0.0	5.61	0.11934398051994556	0.0026134519802334744	2.0	2.0
18031.300000000003	0.0	0.0	5.61	0.12229833753028369	0.0026114999224260364	2.0	2.0
18039.3	0.0	0.0	5.61	0.12089250225835592	0.002632941282746161	2.0	2.0
18047.2	0.0	0.0	5.61	0.1303911102484472	0.002631315751164596	2.0	2.0
18057.2	0.0	0.0	5.61	0.12373214806178957	0.0026446410181676866	2.0	2.0
18070.2	0.0	0.0	5.61	0.1286765156623552	0.0026480930546190157	2.0	2.0
18092.300000000003	0.0	0.0	5.61	0.12967877265299152	0.0026665932095904774	2.0	2.0
18117.2	0.0	0.0	5.61	0.12294670308806056	0.002666549603733601	2.0	2.0
17935.300000000003	0.0	0.0	6.25	0.6906002662471258	0.004555220137964419	2.0	2.0
17954.3	0.0	0.0	6.25	0.6958984512289417	0.004499681576419316	2.0	2.0
17967.199999999997	0.0	0.0	6.25	0.696814404432133	0.0045085232874782855	2.0	2.0
17977.2	0.0	0.0	6.25	0.6850339009123073	0.0045277578066760535	2.0	2.0
17985.2	0.0	0.0	6.25	0.687856080809988	0.004530720894007694	2.0	2.0
17993.2	0.0	0.0	6.25	0.7072480127374912	0.004560048597331306	2.0	2.0
17997.3	0.0	0.0	6.25	0.7036572375429044	0.004541650964611197	2.0	2.0
17998.0	0.0	0.0	6.25	0.692401205032784	0.004539423001949318	2.0	2.0
17999.0	0.0	0.0	6.25	0.6907873232430896	0.004550785428361639	2.0	2.0
18000.0	0.0	0.0	6.25	0.6831912729313551	0.004512862487869328	2.0	2.0
18001.0	0.0	0.0	6.25	0.6863707804546201	0.004515565812005911	2.0	2.0
18002.0	0.0	0.0	6.25	0.678524144904702	0.004524559018918506	2.0	2.0
18003.0	0.0	0.0	6.25	0.6907266926621765	0.0045254712276970345	2.0	2.0
18004.0	0.0	0.0	6.25	0.6914715719063546	0.004542661590644939	2.0	2.0
18005.0	0.0	0.0	6.25	0.7013612479281525	0.004531367360613149	2.0	2.0
18006.0	0.0	0.0	6.25	0.6720761666410889	0.004520325349136455	2.0	2.0
18007.0	0.0	0.0	6.25	0.6844948189599981	0.004547503260379864	2.0	2.0
18008.1	0.0	0.0	6.25	0.6856625227952657	0.004552067128332876	2.0	2.0
18009.0	0.0	0.0	6.25	0.6847294416365248	0.004569501640836467	2.0	2.0
18010.0	0.0	0.0	6.25	0.6863471383138456	0.004534017001052221	2.0	2.0
18011.0	0.0	0.0	6.25	0.6885244736187306	0.004536671090204628	2.0	2.0
18012.1	0.0	0.0	6.25	0.6873811396296561	0.004550275136436215	2.0	2.0
18013.100000000002	0.0	0.0	6.25	0.6835550181378476	0.004533942670175688	2.0	2.0
18014.0	0.0	0.0	6.25	0.688510371430938	0.004530000828294542	2.0	2.0
18014.9	0.0	0.0	6.25	0.6791938352104328	0.004546452519264967	2.0	2.0
18016.0	0.0	0.0	6.25	0.6871721738307139	0.0045322493372467335	2.0	2.0
18017.0	0.0	0.0	6.25	0.6885202185276522	0.00453751454294446	2.0	2.0
18018.0	0.0	0.0	6.25	0.6874954005388788	0.0045388077009816145	2.0	2.0
18019.100000000002	0.0	0.0	6.25	0.6987819833549631	0.0045725194966007455	2.0	2.0
18021.2	0.0	0.0	6.25	0.6923460680057766	0.004561374914962941	2.0	2.0
18023.2	0.0	0.0	6.25	0.6723002743370189	0.004547887129912236	2.0	2.0
18027.2	0.0	0.0	6.25	0.6947620469337792	0.004569715889413029	2.0	2.0
18031.199999999997	0.0	0.0	6.25	0.685245490981964	0.004558015912777937	2.0	2.0
18039.3	0.0	0.0	6.25	0.6850839172626357	0.004596685569120374	2.0	2.0
18047.2	0.0	0.0	6.25	0.6908325549233924	0.004621238096393435	2.0	2.0
18057.2	0.0	0.0	6.25	0.6876861882193636	0.004612903206306218	2.0	2.0
18070.2	0.0	0.0	6.25	0.6915786142085018	0.004638318035740371	2.0	2.0
18092.300000000003	0.0	0.0	6.25	0.7015354967820039	0.004690414077651913	2.0	2.0
18117.2	0.0	0.0	6.25	0.6941444265736172	0.004923650328490036	2.0	2.0
17935.300000000003	0.0	0.0	7.31	0.07331305021806277	0.002402233263537823	2.0	2.0
17954.2	0.0	0.0	7.31	0.07470923815167253	0.0023969092683606957	2.0	2.0
17967.199999999997	0.0	0.0	7.31	0.07425746062691581	0.0024112449058686742	2.0	2.0
17977.2	0.0	0.0	7.31	0.07601740106651697	0.0024093570493030217	2.0	2.0
17985.2	0.0	0.0	7.31	0.07808894678079642	0.002428005093970971	2.0	2.0
17993.2	0.0	0.0	7.31	0.07774905407628493	0.0024438286996780333	2.0	2.0
17997.3	0.0	0.0	7.31	0.07516990433710899	0.00244248946534421	2.0	2.0
17998.0	0.0	0.0	7.31	0.06676813800101472	0.0024484375774308873	2.0	2.0
17999.0	0.0	0.0	7.31	0.07996305360756813	0.0024544963994916932	2.0	2.0
17999.9	0.0	0.0	7.31	0.07723132109312314	0.0024439775569924955	2.0	2.0
18001.0	0.0	0.0	7.31	0.075251081994427	0.002453853678781052	2.0	2.0
18002.0	0.0	0.0	7.31	0.07875479040150934	0.0024638921054183126	2.0	2.0
18003.1	0.0	0.0	7.31	0.08150491429656712	0.0024689328616874793	2.0	2.0
18004.0	0.0	0.0	7.31	0.08185200399037615	0.0024488101637227862	2.0	2.0
18005.0	0.0	0.0	7.31	0.07531301899904592	0.0024582529829562183	2.0	2.0
18006.0	0.0	0.0	7.31	0.06824366732588846	0.0024690003907961583	2.0	2.0
18007.0	0.0	0.0	7.31	0.0773159668067577	0.0024692530329908442	2.0	2.0
18008.1	0.0	0.0	7.31	0.07692835997631735	0.002475938188277087	2.0	2.0
18009.1	0.0	0.0	7.31	0.07627134657628079	0.00246787549897253	2.0	2.0
18009.899999999998	0.0	0.0	7.31	0.08313695829443256	0.002463779618752733	2.0	2.0
18011.199999999997	0.0	0.0	7.31	0.07419122933141624	0.0024615996275824683	2.0	2.0
18011.9	0.0	0.0	7.31	0.06910083098558205	0.002458599635408035	2.0	2.0
18013.100000000002	0.0	0.0	7.31	0.07618009128502139	0.002457454506453112	2.0	2.0
18014.0	0.0	0.0	7.31	0.07814833662733589	0.0024613975644105705	2.0	2.0
18015.0	0.0	0.0	7.31	0.07633326648815071	0.0024534486216130137	2.0	2.0
18016.0	0.0	0.0	7.31	0.07683665980064872	0.002468716409782892	2.0	2.0
18017.0	0.0	0.0	7.31	0.07365599723635151	0.0024863251813644323	2.0	2.0
18018.100000000002	0.0	0.0	7.31	0.07059834897605897	0.0024631827549253978	2.0	2.0
18019.0	0.0	0.0	7.31	0.07377227395188353	0.0024623715555135415	2.0	2.0
18021.100000000002	0.0	0.0	7.31	0.07727500417431958	0.0024755012761491306	2.0	2.0
18023.2	0.0	0.0	7.31	0.08476450349982205	0.0024578832601732117	2.0	2.0
18027.2	0.0	0.0	7.31	0.07146922465821644	0.0024551823043266895	2.0	2.0
18031.300000000003	0.0	0.0	7.31	0.07372077343543067	0.0024837960220568758	2.0	2.0
18039.2	0.0	0.0	7.31	0.08142675775346109	0.0024958723172722325	2.0	2.0
18047.2	0.0	0.0	7.31	0.07125251268306691	0.0024855318512491623	2.0	2.0
18057.2	0.0	0.0	7.31	0.07575435588451924	0.00247133399340731	2.0	2.0
18070.2	0.0	0.0	7.31	0.0724643883352693	0.002530429051782112	2.0	2.0
18092.199999999997	0.0	0.0	7.31	0.0786376920558311	0.002650433891563489	2.0	2.0
18117.3	0.0	0.0	7.31	0.0684058436346123	0.0025452496387863223	2.0	2.0
17935.300000000003	0.0	0.0	9.15	0.029623556581986146	0.0022814771362586607	2.0	2.0
17954.2	0.0	0.0	9.15	0.02675662180521848	0.002305629202131983	2.0	2.0
17967.199999999997	0.0	0.0	9.15	0.039419483286567546	0.0023191669480375834	2.0	2.0
17977.2	0.0	0.0	9.15	0.03005604857543204	0.002308793204110229	2.0	2.0
17985.2	0.0	0.0	9.15	0.03461183156565362	0.0022979062642515522	2.0	2.0
17993.300000000003	0.0	0.0	9.15	0.04139387416056345	0.0023120242412897492	2.0	2.0
17997.2	0.0	0.0	9.15	0.04652271452607964	0.002317682277061133	2.0	2.0
17998.0	0.0	0.0	9.15	0.04350514739468044	0.002310222175374489	2.0	2.0
17999.0	0.0	0.0	9.15	0.048311908461647124	0.0023190264632481044	2.0	2.0
17999.9	0.0	0.0	9.15	0.04073721452331418	0.002321436816060745	2.0	2.0
18001.0	0.0	0.0	9.15	0.04084564572975749	0.0023096633055575007	2.0	2.0
18002.0	0.0	0.0	9.15	0.043564948308601165	0.0023049909745176643	2.0	2.0
18003.0	0.0	0.0	9.15	0.03688111508456373	0.0023136288637892574	2.0	2.0
18004.0	0.0	0.0	9.15	0.04176119544367348	0.002312900395481564	2.0	2.0
18005.0	0.0	0.0	9.15	0.040060682028513525	0.0023039506577791314	2.0	2.0
18006.0	0.0	0.0	9.15	0.03479456885910774	0.0023191842708517015	2.0	2.0
18007.0	0.0	0.0	9.15	0.04444952461341868	0.0023321212440943033	2.0	2.0
18008.0	0.0	0.0	9.15	0.038727961928604324	0.00233217576136887	2.0	2.0
18009.0	0.0	0.0	9.15	0.044956217574007556	0.0023171401741906707	2.0	2.0
18010.0	0.0	0.0	9.15	0.03691363695250209	0.0023311862111201403	2.0	2.0
18011.0	0.0	0.0	9.15	0.04704712760669397	0.002324592278741686	2.0	2.0
18012.1	0.0	0.0	9.15	0.043215658447164566	0.00233923824729466	2.0	2.0
18013.100000000002	0.0	0.0	9.15	0.05294656488549618	0.0023188199647680564	2.0	2.0
18014.0	0.0	0.0	9.15	0.0425854705896232	0.00231646072717835	2.0	2.0
18015.0	0.0	0.0	9.15	0.04475432705949116	0.002318321668400643	2.0	2.0
18016.0	0.0	0.0	9.15	0.041396661902455736	0.002316044011859342	2.0	2.0
18017.0	0.0	0.0	9.15	0.04563242569894116	0.0022935670384167913	2.0	2.0
18018.100000000002	0.0	0.0	9.15	0.03883938582101002	0.0022886919781425923	2.0	2.0
18019.0	0.0	0.0	9.15	0.03878488041002278	0.002304629365983295	2.0	2.0
18021.2	0.0	0.0	9.15	0.03873793160357896	0.002291602871659456	2.0	2.0
18023.2	0.0	0.0	9.15	0.049045439453588205	0.0023136745244984112	2.0	2.0
18027.2	0.0	0.0	9.15	0.03535837964560697	0.0023515033737549237	2.0	2.0
18031.199999999997	0.0	0.0	9.15	0.044962048100036706	0.002352552428092695	2.0	2.0
18039.3	0.0	0.0	9.15	0.045394996354247596	0.0023668928626925973	2.0	2.0
18047.2	0.0	0.0	9.15	0.04261771461383865	0.0023561965259833477	2.0	2.0
18057.2	0.0	0.0	9.15	0.041524021908274415	0.002400275568843199	2.0	2.0
18092.300000000003	0.0	0.0	9.15	0.030482319815701906	0.0024009119830328738	2.0	2.0
18117.2	0.0	0.0	9.15	0.042472224652261394	0.002424919329642451	2.0	2.0
17935.300000000003	0.0	0.0	10.31	0.12820624120131394	0.0034719059127170343	2.0	2.0
17954.2	0.0	0.0	10.31	0.1284513455139805	0.003467046407098243	2.0	2.0
17967.199999999997	0.0	0.0	10.31	0.13844327268917833	0.0034752428676188152	2.0	2.0
17977.2	0.0	0.0	10.31	0.12846035662740352	0.003485826621351087	2.0	2.0
17985.2	0.0	0.0	10.31	0.13060617373247158	0.003485125177908957	2.0	2.0
17993.300000000003	0.0	0.0	10.31	0.13585054520618922	0.0034801248204234473	2.0	2.0
17997.2	0.0	0.0	10.31	0.13012958963282936	0.0034537899098506905	2.0	2.0
17998.0	0.0	0.0	10.31	0.1407187869009622	0.0034533153285866273	2.0	2.0
17999.0	0.0	0.0	10.31	0.13152046234083542	0.0034449110792651415	2.0	2.0
17999.9	0.0	0.0	10.31	0.134685469441567	0.003439496186081552	2.0	2.0
18001.100000000002	0.0	0.0	10.31	0.14154530412026334	0.003451355661694812	2.0	2.0
18002.0	0.0	0.0	10.31	0.1371267625510096	0.0034563584725929935	2.0	2.0
18003.1	0.0	0.0	10.31	0.13019742834498504	0.0034625924743011934	2.0	2.0
18004.0	0.0	0.0	10.31	0.1343948669649164	0.00348609971744761	2.0	2.0
18004.899999999998	0.0	0.0	10.31	0.13261635279199738	0.0034915840886676373	2.0	2.0
18006.0	0.0	0.0	10.31	0.14493487953005607	0.0035056741987198243	2.0	2.0
18006.9	0.0	0.0	10.31	0.13276024382781426	0.0034963594106709973	2.0	2.0
18008.199999999997	0.0	0.0	10.31	0.1342126383872719	0.00350529400656233	2.0	2.0
18009.0	0.0	0.0	10.31	0.13128366300195116	0.0035021696206376843	2.0	2.0
18010.0	0.0	0.0	10.31	0.1351406799531067	0.0034978128956623684	2.0	2.0
18011.0	0.0	0.0	10.31	0.14514552818725568	0.003522686266660387	2.0	2.0
18012.1	0.0	0.0	10.31	0.13687876885166272	0.003519330166214503	2.0	2.0
18013.0	0.0	0.0	10.31	0.13690237856904522	0.0035391042232708896	2.0	2.0
18013.899999999998	0.0	0.0	10.31	0.1360967205465357	0.003554933298237638	2.0	2.0
18015.1	0.0	0.0	10.31	0.13862279327766722	0.003502368597708188	2.0	2.0
18016.100000000002	0.0	0.0	10.31	0.13506905407164582	0.003522416596646114	2.0	2.0
18017.0	0.0	0.0	10.31	0.1388475350186687	0.003535176698613522	2.0	2.0
18018.0	0.0	0.0	10.31	0.1371915926960663	0.0035253661986773704	2.0	2.0
18018.899999999998	0.0	0.0	10.31	0.13141301909293784	0.0035320181601350793	2.0	2.0
18021.2	0.0	0.0	10.31	0.14389536272028272	0.0035503599742108026	2.0	2.0
18023.2	0.0	0.0	10.31	0.14003930063804348	0.003527090924156871	2.0	2.0
18027.2	0.0	0.0	10.31	0.13936087018342103	0.0035425716858618894	2.0	2.0
18031.199999999997	0.0	0.0	10.31	0.12450206733608979	0.0035334932073242766	2.0	2.0
18039.3	0.0	0.0	10.31	0.13198380078826522	0.0035599796304554825	2.0	2.0
18047.3	0.0	0.0	10.31	0.13709809395456296	0.0035811367683866	2.0	2.0
18057.2	0.0	0.0	10.31	0.14384294918374266	0.0036010807537664095	2.0	2.0
18070.2	0.0	0.0	10.31	0.1410569105691057	0.003623570214338507	2.0	2.0
18092.199999999997	0.0	0.0	10.31	0.1299694941940563	0.0036365059781539068	2.0	2.0
18117.2	0.0	0.0	10.31	0.1440899318139935	0.0036608317464217706	2.0	2.0
17935.300000000003	0.0	0.0	11.15	0.010177107483448458	0.0013978566648342454	2.0	2.0
17954.2	0.0	0.0	11.15	0.008562219568468771	0.001374629163719841	2.0	2.0
17967.199999999997	0.0	0.0	11.15	0.00890038420589733	0.001369670994769245	2.0	2.0
17977.2	0.0	0.0	11.15	0.010676352236571216	0.0013836627362904734	2.0	2.0
17985.2	0.0	0.0	11.15	0.011886678160383952	0.0013896787195377663	2.0	2.0
17993.2	0.0	0.0	11.15	0.010762777219508775	0.0013861863475964572	2.0	2.0
17997.3	0.0	0.0	11.15	0.006429934553288142	0.0013883330406378419	2.0	2.0
17998.100000000002	0.0	0.0	11.15	0.009854933320844408	0.0013881734945965882	2.0	2.0
17998.899999999998	0.0	0.0	11.15	0.009580317699031863	0.0013905750070495348	2.0	2.0
17999.9	0.0	0.0	11.15	0.011502272593117289	0.0013965291305117762	2.0	2.0
18001.0	0.0	0.0	11.15	0.010865233350812794	0.0013822965681990328	2.0	2.0
18002.0	0.0	0.0	11.15	0.010100797492925466	0.0013805129914170116	2.0	2.0
18003.1	0.0	0.0	11.15	0.010257857420014815	0.0013903133561442497	2.0	2.0
18003.9	0.0	0.0	11.15	0.010572214158435704	0.0013968776625246338	2.0	2.0
18005.0	0.0	0.0	11.15	0.011741938547751341	0.0013990886641021987	2.0	2.0
18006.1	0.0	0.0	11.15	0.008131012636033151	0.0013939995791885352	2.0	2.0
18007.0	0.0	0.0	11.15	0.007456783748577061	0.0013811936252361785	2.0	2.0
18008.1	0.0	0.0	11.15	0.010904161263703879	0.0013998873040198044	2.0	2.0
18009.0	0.0	0.0	11.15	0.011473096217934273	0.0013826364164660396	2.0	2.0
18010.0	0.0	0.0	11.15	0.00999625169844914	0.0013891183291945837	2.0	2.0
18011.1	0.0	0.0	11.15	0.008868738900845594	0.001389340342706606	2.0	2.0
18012.0	0.0	0.0	11.15	0.010581804443814785	0.0013904161649075583	2.0	2.0
18013.0	0.0	0.0	11.15	0.005327011740101716	0.001405375017824041	2.0	2.0
18013.899999999998	0.0	0.0	11.15	0.008954905400919911	0.001391706458343212	2.0	2.0
18015.2	0.0	0.0	11.15	0.010904609724171276	0.001402003325510914	2.0	2.0
18016.100000000002	0.0	0.0	11.15	0.011518798406337044	0.0013961766192250285	2.0	2.0
18016.9	0.0	0.0	11.15	0.010342016657806131	0.0014083358733534173	2.0	2.0
18018.100000000002	0.0	0.0	11.15	0.010845175766641735	0.0014062275171848845	2.0	2.0
18019.0	0.0	0.0	11.15	0.008366190532404675	0.001393855979223232	2.0	2.0
18021.2	0.0	0.0	11.15	0.011917754708270695	0.0013983578167355202	2.0	2.0
18023.2	0.0	0.0	11.15	0.014176204355347029	0.0014093205137319022	2.0	2.0
18027.2	0.0	0.0	11.15	0.010015818832736658	0.0014057874329483687	2.0	2.0
18031.199999999997	0.0	0.0	11.15	0.006867161383626923	0.001395971336447047	2.0	2.0
18039.3	0.0	0.0	11.15	0.009619221615904228	0.001411786821798601	2.0	2.0
18047.3	0.0	0.0	11.15	0.012205477310176443	0.0014185497275777878	2.0	2.0
18057.2	0.0	0.0	11.15	0.008136118121852786	0.0014428731848275358	2.0	2.0
18070.3	0.0	0.0	11.15	0.00884051317983039	0.0014270297663630434	2.0	2.0
18092.300000000003	0.0	0.0	11.15	0.008953908306298585	0.0014357899247107791	2.0	2.0
18117.2	0.0	0.0	11.15	0.008834061404048483	0.001444827785639574	2.0	2.0
